TITLE,ARTIST,KEY,DURATION,TEMPO,COUNTIN,BACKING,NORD,ROLAND,VE,PERFORMANCE KEY,TIME SIGNATURE,CAPO,VERSION,CHORDPRO FILENAME
Do It Or Die,ARS,D,,,,,,,,,,,,./cho/ABC/A/ARS/DoItOrDie.cho
So Into You,ARS,Fm,3:50,87,,,,,,,,,,./cho/ABC/A/ARS/SoIntoYou.cho
Spooky,ARS,Em,3:22,106,4,36,P34,C013,,,,,,./cho/ABC/A/ARS/Spooky.cho
Dancing Queen (Altered),Abba,E,,,,,,,,,,,,./cho/ABC/A/Abba/DancingQueenAltered-e.cho
Dancing Queen (Altered),Abba,A,,,,,,,,,,,,./cho/ABC/A/Abba/DancingQueenAltered.cho
Does Your Mother Know,Abba,G,3:10,120,8,62,M22,,,,,,,./cho/ABC/A/Abba/DoesYourMotherKnow.cho
Take On Me,Aha,A,3:00,100,,,,,,,,,,./cho/ABC/A/Aha/TakeOnMe.cho
Let's Stay Together,Al Green,F,,,,,,,,,,,,./cho/ABC/A/AlGreen/LetsStayTogether.cho
Year of the Cat,Al Stewart,Em,4:00,116,4,20,M22,,,,,,,./cho/ABC/A/AlStewart/YearOfTheCat.cho
"Dancin', Shaggin' on the Boulevard",Alabama,A,,,,,,,,,,,,./cho/ABC/A/Alabama/DancinShagginOnTheBoulevard.cho
Remember When,Alan Jackson,G,,,,,,,,,,,,./cho/ABC/A/AlanJackson/RememberWhen.cho
Undercover Angel,Alan O'Day,Bb,3:30,98,,,,,,,,,,./cho/ABC/A/AlanODay/UndercoverAngel.cho
Don't Answer Me,Alan Parsons Project,G,,,,,,,,,,,,./cho/ABC/A/AlanParsonsProject/DontAnswerMe.cho
Eye In The Sky,Alan Parsons Project,D,,,,,,,,,,,,./cho/ABC/A/AlanParsonsProject/EyeInTheSky.cho
It Never Rains in Southern California,Albert Hammond,G,3:20,117,4,26,O23,,,,,,,./cho/ABC/A/AlbertHammond/ItNeverRains.cho
Lost In Your Own Life,Alexa Vega,C,,,,,,,,,,,,./cho/ABC/A/AlexaVega/LostInYourOwnLife.cho
If I Ain't Got You,Alicia Keys,G,,,,,,,,,,,,./cho/ABC/A/AliciaKeys/IfIAintGotYou.cho
Southbound,Allman Brothers,F,,,,,,,,,,,,./cho/ABC/A/AllmanBrothers/Southbound.cho
A Horse With No Name,America,Em,3:40,123,,,,,,,,,,./cho/ABC/A/America/AHorseWithNoName.cho
Lonely People,America,D,2:10,155,,,M15(A3),,,,,,,./cho/ABC/A/America/LonelyPeople.cho
You Can Do Magic,America,Em,3:40,130,8,35,,,,,,,,./cho/ABC/A/America/YouCanDoMagic.cho
Valerie,Ami Winehouse,Eb,3:10,105,4,,P54,,,,,,,./cho/ABC/A/AmyWinehouse/Valerie.cho
Shadows In The Moonlight,Anne Murray,A,,,,,,,,,,,,./cho/ABC/A/AnneMurray/ShadowsInTheMoonlight.cho
City of New Orleans,Arlo Guthrie,D,3:45,152,,,O24,,,,,,,./cho/ABC/A/ArloGuthrie/CityOfNewOrleans.cho
Complicated,Avril Lavigne,C#m,3:40,78,4,45,,,,C#m,,,,./cho/ABC/A/AvrilLavigne/Complicated-c#m.cho
Complicated,Avril Lavigne,Em,3:40,78,,,,,,,,,,./cho/ABC/A/AvrilLavigne/Complicated-em.cho
Complicated,Avril Lavigne,Dm,3:40,78,,,,,,,,,,./cho/ABC/A/AvrilLavigne/Complicated.cho
Takin' Care of Business,Bachman Turner Overdrive (BTO),C,4:50,130,,,N41,,,,,,,./cho/ABC/B/BachmanTurnerOverdrive/TakinCareOfBusiness.cho
When I See You Smile,Bad English,G,,,,,,,,,,,,./cho/ABC/B/BadEnglish/WhenISeeYouSmile.cho
Money (That's What I Want),Barrett Strong,E,3:45,132,4,,O15,,,,,,1.0,./cho/ABC/B/BarrettStrong/Money.cho
You Made Me Believe In Magic,Bay City Rollers,Ab,,,,,,,,,,,,./cho/ABC/B/BayCityRollers/YouMadeMeBelieveInMagic.cho
Do It Again,Beach Boys,Eb,,,,,,,,,,,,./cho/ABC/B/BeachBoys/DoItAgain.cho
Forever,Dennis Wilson / Beach Boys,D,,,,,,,,,,,,./cho/ABC/B/BeachBoys/Forever.cho
Golden Slumbers / Carry That Weight,Beatles,Gb,,,,,,,,,,,,./cho/ABC/B/Beatles/GoldenSlumbers-CarryThatWeight.cho
Golden Slumbers / Carry That Weight,Beatles,E,2:30,,,,,,,E and Eb,,,,./cho/ABC/B/Beatles/GoldenSlumbers-CarryThatWeight_e-eb.cho
Here Comes The Sun,The Beatles,C,,,,,,,,,,,,./cho/ABC/B/Beatles/HereComesTheSun-c-jeff.cho
Here Comes The Sun,The Beatles,A,,,,,,,,,,,,./cho/ABC/B/Beatles/HereComesTheSun-c.cho
Here Comes The Sun,The Beatles,A,,,,,,,,,,,,./cho/ABC/B/Beatles/HereComesTheSun.cho
Real Love,The Beatles,C,,,,,,,,,,,,./cho/ABC/B/Beatles/RealLove.cho
Twist & Shout,Beatles,D,2:10,128,,,???,,,,,,,./cho/ABC/B/Beatles/TwistAndShout.cho
How Deep Is Your Love,Bee Gees,Eb,3:30,103,,,M11,,,,,,,./cho/ABC/B/BeeGees/HowDeepIsYourLove.cho
Run To Me,Bee Gees,A,,,,,,,,,,,,./cho/ABC/B/BeeGees/RunToMe.cho
If I Said You Have A Beautiful Body,Bellamy Brothers,E,,,,,,,,,,,,./cho/ABC/B/BellamyBrothers/IfISaidYouHaveABeautifulBody.cho
Lovely Day,Bill Withers,E,3:40,98,,,,,,,,,,./cho/ABC/B/BillWithers/LovelyDay.cho
Let Me Down Easy,Billy Currington,G,,,,,,,,,,,,./cho/ABC/B/BillyCurrington/LetMeDownEasy.cho
Don't Ask Me Why,Billy Joel,Bb,3:50,99,,,,,,,,,,./cho/ABC/B/BillyJoel/DontAskMeWhy.cho
My Life,Billy Joel,C,3:40,131,8,14,P32,,,,,,,./cho/ABC/B/BillyJoel/MyLife-c.cho
My Life,Billy Joel,D,3:40,131,8,14,P32,,,C,,,,./cho/ABC/B/BillyJoel/MyLife.cho
Piano Man,Billy Joel,Gb,4:40,178,,,,,,A,,,,./cho/ABC/B/BillyJoel/PianoMan-a.cho
Piano Man,Billy Joel,C,4:40,178,,,,,,,,,,./cho/ABC/B/BillyJoel/PianoMan-old.cho
Piano Man,Billy Joel,C,4:40,178,,,,,,A,,,,./cho/ABC/B/BillyJoel/PianoMan.cho
Summer Highland Falls,Billy Joel,F,3:22,90,,,,,,,,,,./cho/ABC/B/BillyJoel/SummerHighlandFalls.cho
Vienna - G#m,Billy Joel,G#m,3:00,63,,,,,,,,,,./cho/ABC/B/BillyJoel/Vienna-g#m.cho
Vienna,Billy Joel,Gm,3:00,63,,,,,,,,,,./cho/ABC/B/BillyJoel/Vienna.cho
You May Be Right,Billy Joel,G,4:00,150,4,21,,,,,,,,./cho/ABC/B/BillyJoel/YouMayBeRight-g.cho
You May Be Right,Billy Joel,A,4:00,150,4,21,N35,,,,,,,./cho/ABC/B/BillyJoel/YouMayBeRight.cho
You're My Home,Billy Joel,F,3:14,93,,,,,,,,,,./cho/ABC/B/BillyJoel/YoureMyHome.cho
Footloose,Blake Shelton,G,,,8,37,,,,,,,,./cho/ABC/B/BlakeShelton/Footloose.cho
Hey Bartender,Blues Brothers,A,,,,,,,,,,,,./cho/ABC/B/BluesBrothers/HeyBartender.cho
Like A Rolling Stone,Bob Dylan,C,,,,,,,,,,,,./cho/ABC/B/BobDylan/LikeARollingStone.cho
Against the Wind,Bob Seger,F,3:50,109,4,10,M44,,,F,,,,./cho/ABC/B/BobSeger/AgainstTheWind-f.cho
Against the Wind,Bob Seger,G,4:00,109,4,10,M44,,,F,,,,./cho/ABC/B/BobSeger/AgainstTheWind.cho
Turn The Page,Bob Seger,Em,,,,,,,,,,,,./cho/ABC/B/BobSeger/TurnThePage.cho
Ebony Eyes,Bob Welch,Gm,2:51,116,8,44,,,,Gm,,,,./cho/ABC/B/BobWelch/EbonyEyes-gm.cho
Ebony Eyes,Bob Welch,Am,2:51,116,8,44,,,,Gm,,,,./cho/ABC/B/BobWelch/EbonyEyes.cho
Aubrey,Bread,G,,,,,,,,,,,,./cho/ABC/B/Bread/Aubry.cho
Love and Mercy,Brian Wilson,G,3:10,96,,,N52,,,,,,,./cho/ABC/B/BrianWilson/LoveAndMercy-g.cho
Apt,Rose & Bruno Mars,Eb,2:40,149,4,65,P51,,,,,,,./cho/ABC/B/BrunoMars/Apt.cho
Die With A Smile,"Bruno Mars, Lady Gaga",A,,,4,64,,,,,,,,./cho/ABC/B/BrunoMars/DieWithASmile.cho
Just A Song Before I Go,"Crosby, Stills, Nash and Young",Dm,,,,,,,,,,,,./cho/ABC/C/CSNY/JustASongBeforeIGo.cho
Cigarette Daydreams,Cage The Elephant,D,3:00,114,,,,,,,,,,./cho/ABC/C/CageTheElephant/CigaretteDaydreams.cho
In The Air,The California Honeydrops,E,,,,,,,,,,,,./cho/ABC/C/CaliforniaHoneydrops/InTheAir.cho
Havana,Camila Cabello,Gm,,,,,,,,,,,,./cho/ABC/C/CamilaCabello/Havana.cho
Come Around Again,Carly Simon,Dm,,,,,,,,,,,,./cho/ABC/C/CarlySimon/ComeAroundAgain.cho
Chains,Carole King,D,,,,,,,,,,,,./cho/ABC/C/CaroleKing/Chains.cho
I Feel The Earth Move,Carole King,Eb,,,,,,,,,,,,./cho/ABC/C/CaroleKing/IFeelTheEarthMove.cho
I Won't Last A Day Without You,Carpenters,F,3:20,85,4,,P54,,,,,,,./cho/ABC/C/Carpenters/IWontLastADayWithoutYou-f.cho
I Won't Last A Day Without You,Carpenters,G,3:20,85,4,,P54,,,,,,,./cho/ABC/C/Carpenters/IWontLastADayWithoutYou.cho
There's A Kind Of Hush,Carpenters,G,2:35,128,,,,,,,,,,./cho/ABC/C/Carpenters/TheresAKindOfHush.cho
Before He Cheats,Carrie Underwood,F#m,2:50,150,,,,,,,,,,./cho/ABC/C/CarrieUnderwood/BeforeHeCheats.cho
Wild World,Cat Stevens,Dm,3:30,152,,,,,,,,,,./cho/ABC/C/CatStevens/WildWorld.cho
Ain't Nobody - Guitar,Chaka Khan / Rufus,Em,,,,,,,,,,,,./cho/ABC/C/ChakaKhan/AintNobody-Guitar.cho
Ain't Nobody,Chaka Khan / Rufus,Em,,,,,,,,,,,,./cho/ABC/C/ChakaKhan/AintNobody.cho
Pink Pony Club,Chappell Roan,F,4:10,106,4,67,,,,,,,,./cho/ABC/C/ChappellRoan/PinkPonyClub.cho
Fool If You Think It's Over,Chris Rea,Am,4:10,110,,,N52,,,,,,,./cho/ABC/C/ChrisRea/FoolIfYouThinkItsOver.cho
Where Are You Listening To?,Chris Stapleton,Bb,,,,,,,,,,,,./cho/ABC/C/ChrisStapleton/WhatAreYouListeningToo.cho
Ride Like The Wind,Christopher Cross,Eb,4:00,125,,,,,,,,,,./cho/ABC/C/ChristopherCross/RideLikeTheWind.cho
Easy,Commodores,F,3:40,67,,,,,,,,,,./cho/ABC/C/Commodores/Easy-f.cho
Sail On,Commodores,D,,,,,,,,,,,,./cho/ABC/C/Commodores/SailOn.cho
Pretty Little Baby,Connie Francis,Db,,,,,,,,,,,,./cho/ABC/C/ConnieFrancis/PrettyLittleBaby.cho
Who's Sorry Now,Connie Francis,Bb,,,,,,,,,,,,./cho/ABC/C/ConnieFrancis/WhosSorryNow.cho
Put Your Records On,Corrine Bailey Rae,A,3:00,96,4,,N24,,,,,,,./cho/ABC/C/CorrineBailyRae/PutYourRecordsOn.cho
Accidentally In Love,Counting Crows,G,3:00,138,4,,O11,,,,,,,./cho/ABC/C/CountingCrows/AccidentallyInLove.cho
Just Like Heaven,The Cure,A,,,,,,,,,,,,./cho/ABC/C/Cure/JustLikeHeaven.cho
Beautiful Sunday,Daniel Boone,C,3:00,120,,,,,,,,,1.0,./cho/DEF/D/DanielBoone/BeautifulSunday.cho
Hold My Hand,Hootie (Darius Rucker) and the Blowfish,B,3:35,101,,,,,,,,,,./cho/DEF/D/DariusRucker/HoldMyHand.cho
Wagon Wheel,Darius Rucker,G,3:50,148,4,,O55,,,,,,1.0,./cho/DEF/D/DariusRucker/WagonWheel.cho
Leap Of Faith,Delbert McClinton,B,,,,,,,,,,,,./cho/DEF/D/DelbertMcClinton/LeapOfFaith.cho
Heartbreaker,Dionne Warwick / Bee Gees,G,,,,,,,,,,,,./cho/DEF/D/DioneWarwick/HeartBreaker.cho
Then Came You,Dionne Warwick,F,3:00,116,4,33,M23,,,,,,,./cho/DEF/D/DioneWarwick/ThenCameYou.cho
Let 'Er Rip,Dixie Chicks,A,3:00,150,,,N53,,,,,,,./cho/DEF/D/DixieChicks/LetErRip.cho
Some Days You Gotta Dance,Dixie Chicks,E,2:28,170,,,,,,,,,,./cho/DEF/D/DixieChicks/SomeDaysYouGottaDance.cho
Wide Open Spaces,Dixie Chicks,D,3:00,90,,,N31,,,,,,,./cho/DEF/D/DixieChicks/WideOpenSpaces.cho
Vincent,Don McLean,G,,,,,,,,,,,,./cho/DEF/D/DonMcLean/Vincent.cho
Hot Stuff,Donna Summer,Gm,,,,,,,,,,,,./cho/DEF/D/DonnaSummer/HotStuff.cho
Long Train Runnin’,Doobie Brothers,Gm,,,,,,,,,,,,./cho/DEF/D/DoobieBros/LongTrainRunning-MVP.cho
Long Train Runnin',Doobie Brothers,Gm,3:20,117,,,,,,,,,,./cho/DEF/D/DoobieBros/LongTrainRunning.cho
Takin' It To The Streets,Doobie Brothers,B,,,,,,,,,,,,./cho/DEF/D/DoobieBros/TakinItToTheStreets-b.cho
Takin' It To The Streets,Doobie Brothers,F,,,,,,,,,,,,./cho/DEF/D/DoobieBros/TakinItToTheStreets.cho
Sharing The Night Together,Dr. Hook,C,,,,,,,,,,,,./cho/DEF/D/DrHook/SharingTheNightTogether.cho
Levitating,Dua Lipa,Am,,,,,,,,,,,,./cho/DEF/D/DuaLipa/Levitating.cho
Love Again,Dua Lipa,F#m,3:50,116,,,,,,,,,,./cho/DEF/D/DuaLipa/LoveAgain.cho
Ain't That Lonely Yet,Dwight Yoakam,F,3:10,107,,,,,,,,,,./cho/DEF/D/DwightYokam/AintThatLonelyYet.cho
Little Sister,Dwight Yoakam,E,3:00,144,4,,O14,,,,,,,./cho/DEF/D/DwightYokam/LittleSister.cho
Can't Get You Out Of My Head,ELO,C,4:00,85,,,,,,,,,,./cho/DEF/E/ELO/CantGetYouOutOfMyHead.cho
Midnight Blue,ELO,F,4:10,141,,,,,,D,,,,./cho/DEF/E/ELO/MidnightBlue.cho
Rockaria,ELO / Jeff Lynne,D,,,,,,,,,,,,./cho/DEF/E/ELO/Rockaria.cho
When I Was A Boy,ELO ( Jeff Lynne ),C,,,,,,,,,,,,./cho/DEF/E/ELO/WhenIWasABoy.cho
I Can't Tell You Why,Eagles,Bm,,,,,,,,,,,,./cho/DEF/E/Eagles/ICantTellYouWhy.cho
Love Will Keep Us Alive,Eagles,A,,90,,,,,,,,,,./cho/DEF/E/Eagles/LoveWillKeepUsAlive.cho
Lyin' Eyes,Eagles,G,3:45,133,8,,O55,,,,,,,./cho/DEF/E/Eagles/LyinEyes.cho
Hey There Lonely Girl,Eddie Holman,G,3:00,,,,,,,,,,,./cho/DEF/E/EddieHolman/HeyThereLonelyGirl.cho
Think I'm In Love,Eddie Money,Eb,4:00,152,,,,,,,,,,./cho/DEF/E/EddieMoney/ThinkImInLove.cho
Last Song,Edward Bear,G,3:00,,,,P55,,,,,,,./cho/DEF/E/EdwardBear/LastSong.cho
Crocodile Rock,Elton John,G,3:10,151,,,???,,,G,,,,./cho/DEF/E/EltonJohn/CrocodileRock.cho
Daniel,Elton John,A,3:30,66,,,,,,,,,,./cho/DEF/E/EltonJohn/Daniel-a.cho
Daniel,Elton John,C,3:30,66,,,,,,,,,,./cho/DEF/E/EltonJohn/Daniel.cho
Burning Love,Elvis,D,,144,,,,,,,,,,./cho/DEF/E/Elvis/BurningLove.cho
I'd Really Love To See You Tonight,England Dan / John Ford Coley,F,,,,,,,,,,,,./cho/DEF/E/EnglandDanJohnFordColey/IdReallyLoveToSeeYouTonight.cho
Cocaine,Eric Clapton,E,,,,,,,,,,,,./cho/DEF/E/EricClapton/Cocaine.cho
Layla,Eric Clapton,Dm,4:00,94,,,???,,,Dm,,,,./cho/DEF/E/EricClapton/Layla.cho
Nobody Knows You When You're Down And Out,Eric Clapton,C,3:50,89,4,,N45,,,C,,,,./cho/DEF/E/EricClapton/NobodyKnowsYou.cho
Over the Rainbow,Eric Clapton,E,,,,,,,,,,,,./cho/DEF/E/EricClapton/OverTheRainbow-e.cho
San Francisco Bay Blues,Eric Clapton,C,3:00,162,,,,,,,,,,./cho/DEF/E/EricClapton/SanFranciscoBayBlues.cho
Downhome Blues,Etta James,G,4:30,85,4,57,P55,,,,,,,./cho/DEF/E/EttaJames/DownhomeBlues.cho
Don't Stop,Fleetwood Mac,E,3:00,119,0,,N54,,,,,,,./cho/DEF/F/FleetwoodMac/DontStop.cho
Landslide,Fleetwood Mac,C,,,,,,,,,,,,./cho/DEF/F/FleetwoodMac/Landslide-c.cho
Landslide,Fleetwood Mac,Eb,,,,,,,,Eb,,,,./cho/DEF/F/FleetwoodMac/Landslide-lyrics.cho
Landslide,Fleetwood Mac,Eb,,,,,,,,Eb,,,,./cho/DEF/F/FleetwoodMac/Landslide.cho
Say That You Love Me,Fleetwood Mac,A,3:00,128,4,,N12,,,A,,,,./cho/DEF/F/FleetwoodMac/SayThatYouLoveMe.cho
What's Up,4 Non Blonds,A,4:00,67,,,,,,,,,,./cho/DEF/F/FourNonBlondes/WhatsUp.cho
Much Too Young To Feel This Damnn Old,Garth Brooks,D,2:33,162,4,13,O42,,,,,,,./cho/GHI/G/GarthBrooks/MuchTooYoungToFeel.cho
Before My Heart Finds Out,Gene Cotton,F,2:10,123,,,,,,,,,,./cho/GHI/G/GeneCotton/BeforeMyHeartFindsOut.cho
In Too Deep,Genesis,G,,,,,,,,,,,,./cho/GHI/G/Genesis/InTooDeep.cho
That's All,Genesis,Em,4:00,88,4,47,P53,,,,,,,./cho/GHI/G/Genesis/ThatsAll.cho
Something,George Harrison,C,,132,,,,,,,,,,./cho/GHI/G/GeorgeHarrison/Something.cho
While My Guitar Gently Weeps,George Harrison,Am,3:47,123,,,,,,,,,,./cho/GHI/G/GeorgeHarrison/WhileMyGuitarGentlyWeeps.cho
Faith,George Michael,B,,,,,,,,,,,,./cho/GHI/G/GeorgeMichael/Faith.cho
As Far As It Goes,George Strait,D,3:10,137,,,,,,,4/4,,,./cho/GHI/G/GeorgeStrait/AsFarAsItGoes-d.cho
As Far As It Goes,George Strait,C,3:10,137,,,,,,,4/4,,,./cho/GHI/G/GeorgeStrait/AsFarAsItGoes.cho
Get Down,Gilbert O'Sullivan,Bb,,,,,,,,,,,,./cho/GHI/G/GilbertOSullivan/GetDown.cho
I Will Survive,Gloria Gaynor,Am,3:20,117,,,024,,,,,,,./cho/GHI/G/GloriaGaynor/IWillSurvive.cho
Carefree Highway,Gordon Lightfoot,E,2:20,85,,,,,,E,,,,./cho/GHI/G/GordonLightfoot/CarefreeHighway-e.cho
Carefree Highway,Gordon Lightfoot,D,2:20,85,,,N52,,,E,,,,./cho/GHI/G/GordonLightfoot/CarefreeHighway.cho
Good Riddance (Time of Your Life),Green Day,G,2:10,95,,,,,,,,,,./cho/GHI/G/GreenDay/GoodRiddance.cho
Breakup Song,Greg Kihn,F#m,3:00,136,4,,P41,,,F#m,,,,./cho/GHI/G/GregKihn/BreakupSong-f#m.cho
Breakup Song,Greg Kihn,Am,2:49,136,4,,P41,,,F#m,,,,./cho/GHI/G/GregKihn/BreakupSong.cho
Undun,Guess Who,Em,3:30,100,,,,,,,,,,./cho/GHI/G/GuessWho/Undun.cho
Hearts Are Gonna Roll,Hal Ketchum,D,3:15,100,8,12,P21,,,D,,,,./cho/GHI/H/HalKetchum/HeartsAreGonnaRoll.cho
Past The Point Of Rescue,Hal Ketchum,Em,2:43,96,8,15,O:24,,,Em,,,,./cho/GHI/H/HalKetchum/PastThePointOfRescue.cho
Small Town Saturday Night,Hal Ketchum,G,2:30,100,,,,,,G,,,,./cho/GHI/H/HalKetchum/SmallTownSaturdayNight.cho
Softer Than a Whisper,Hal Ketchum,C,3:05,95,,,,,,,,,,./cho/GHI/H/HalKetchum/SofterThanAWhisper.cho
I Can't Go For That,Hall & Oates,Eb,,,,,,,,,,,,./cho/GHI/H/HallAndOates/ICantGoForThat.cho
Rich Girl,Hall & Oates,F,,,,,,,,,,,,./cho/GHI/H/HallAndOates/RichGirl.cho
Tell It Like It Is,Heart,F,3:50,67,,,,,,,6/8,,,./cho/GHI/H/Heart/TellItLikeItIs.cho
Always and Forever,Heatwave,D,,,,,,,,,,,,./cho/GHI/H/Heatwave/AlwaysAndForever.cho
Shannon,Henry Gross,F,,,,,,,,,,,,./cho/GHI/H/HenryGross/Shannon.cho
The Air That I Breathe,The Hollies,C,,,,,,,,,,,,./cho/GHI/H/Hollies/TheAirThatIBreathe.cho
And We Danced,The Hooters,D,,,,,,,,,,,,./cho/GHI/H/Hooters/AndWeDanced.cho
Do You Believe In Love,Huey Lewis and the News,G,,,,,,,,,,,,./cho/GHI/H/HueyLewis/DoYouBelieveInLove.cho
Sensitive Kind,JJ Cale,Dm,5:00,101,,,N11,,,,,,,./cho/JKL/J/JJCale/SensitiveKind.cho
Running On Empty - G,Jackson Brown,G,4:10,137,8,72,P55,,,G,,,,./cho/JKL/J/JacksonBrowne/RunningOnEmpty-g.cho
Running On Empty,Jackson Brown,A,4:10,137,8,72,P55,,,,,,,./cho/JKL/J/JacksonBrowne/RunningOnEmpty.cho
Stay,Jackson Browne,G,3:00,106,,,P25,,,,,,,./cho/JKL/J/JacksonBrowne/Stay.cho
Who Will Save My Soul,Jewel,Am,,126,,,,,,,,,,./cho/JKL/J/Jewel/WhoWillSaveMySoul.cho
Bad Bad Leroy Brown,Jim Croce,G,2:35,148,8,42,O55,,,,,,,./cho/JKL/J/JimCroce/BadBadLeroyBrown.cho
You Don't Mess Around With Jim,Jim Croce,F,,164,,,,,,,,,,./cho/JKL/J/JimCroce/YouDontMessAroundWithJim.cho
Bye Bye,Jo Dee Messina,Bb,3:12,134,8,27,O24,,,Bb,,,,./cho/JKL/J/JoDeeMessina/ByeBye-bb.cho
Bye Bye,Jo Dee Messina,G,3:12,134,8,27,O24,,,Bb (+3),,,,./cho/JKL/J/JoDeeMessina/ByeBye.cho
Unchain My Heart,Joe Cocker,Am,5:07,118,0,18,O:24,,,,,,,./cho/JKL/J/JoeCocker/UnchainMyHeart.cho
Unchain My Heart (Extended),Joe Cocker,Am,5:07,118,0,18,O:24,,,,,,,./cho/JKL/J/JoeCocker/UnchainMyHeartExtended.cho
Memphis in the Meantime,John Hiatt,E,,,,,,,,,,,,./cho/JKL/J/JohnHiatt/MemphisInTheMeantime.cho
Beautiful Boy,John Lennon,D,,100,,,,,,,,,,./cho/JKL/J/JohnLennon/BeautifulBoy.cho
Watching The Wheels,John Lennon,C,3:30,83,4,,A3(M14),,,A,,,,./cho/JKL/J/JohnLennon/WatchingTheWheels.cho
I’m Gonna Find Another You,John Mayer,A,3:00,150,,,,,,,,,,./cho/JKL/J/JohnMayer/ImGonnaFindAnotherYou.cho
Ain't Even Done With The Night,John Mellencamp,B,4:10,120,8,99,N51,,,B,,,,./cho/JKL/J/JohnMellencamp/AintEvenDoneWithTheNight.cho
Cherry Bomb,John Mellencamp,G,4:10,113,,,,,,,,,,./cho/JKL/J/JohnMellencamp/CherryBomb.cho
Jack and Diane,John Mellencamp,A,3:40,104,4,29,,,,,,,,./cho/JKL/J/JohnMellencamp/JackandDiane.cho
R.O.C.K. In The U.S.A,John Mellencamp,E,2:55,166,8,54,,,,,,,,./cho/JKL/J/JohnMellencamp/ROCKInTheUSA.cho
Don't Forget (Welcome to Wrexham),Jon Hume,C,,,,,,,,,,,,./cho/JKL/J/JonHume/DontForget.cho
Tuscon Too Late,Jordan Davis,G,,,,,,,,,,,,./cho/JKL/J/JordanDavis/TusconTooLate.cho
Jacksonville,Josh Turner,D,,119,,,,,,,,,,./cho/JKL/J/JoshTurner/Jacksonville-d.cho
Jacksonville,Josh Turner,C,,119,,,,,,,,,,./cho/JKL/J/JoshTurner/Jacksonville.cho
Over the Rainbow,Judy Garland,Bb,,,,,,,,,,,,./cho/JKL/J/JudyGarland/OverTheRainbow-bb.cho
Over the Rainbow,Judy Garland,E,,,,,,,,,,,,./cho/JKL/J/JudyGarland/OverTheRainbow-e.cho
Over the Rainbow,Judy Garland,Eb,,,,,,,,,,,,./cho/JKL/J/JudyGarland/OverTheRainbow.cho
Shake Your Booty,KC & the Sunshine Band,Cm,,,,,,,,,,,,./cho/JKL/K/KCSunshineBand/ShakeYourBooty.cho
Black Horse and the Cherry Tree,KT Tunstall,Em,2:20,103,8,,,,,,,,,./cho/JKL/K/KTTunsall/BlackHorseAndTheCherryTree.cho
Suddenly I See,KT Tunstall,D,,,,,,,,,,,,./cho/JKL/K/KTTunsall/SuddenlyISee.cho
Deeper Well,Kacy Musgraves,C,3:30,111,,,,,,,,,,./cho/JKL/K/KaceyMusgraves/DeeperWell.cho
Golden Hour,Kasey Musgraves,A,,,,,,,,,,,,./cho/JKL/K/KaceyMusgraves/GoldenHour.cho
Rainbow,Kacy Musgraves,Eb,2:50,65,,,P23,,,,,,,./cho/JKL/K/KaceyMusgraves/Rainbow.cho
Slow Burn,Kacy Musgraves,G,3:00,148,4,,O24,,,,,,,./cho/JKL/K/KaceyMusgraves/SlowBurn.cho
Bury Me In Georgia,Kane Brown,Gm,,,,,,,,,,,,./cho/JKL/K/KaneBrown/BuryMeInGeorgia.cho
The Fighter,Keith Urban,Bm,2:40,,8,70,,,,,,,,./cho/JKL/K/KeithUrban/TheFighter.cho
Breakaway,Kelly Clarkson,Am,3:45,,6,53,A01,,,,3/4,,,./cho/JKL/K/KellyClarkson/Breakaway.cho
Since U Been Gone,Kelly Clarkson,G,3:10,,8,55,A01,,,,,,,./cho/JKL/K/KellyClarkson/SinceUBeenGone.cho
Everyone She Knows,Kenny Chesney,F,,,,,,,,,,,,./cho/JKL/K/KennyChesney/EveryoneSheKnows.cho
Get Down On It,Kool and the Gang,Em,4:00,,,,,,,,,,,./cho/JKL/K/KoolAndTheGang/GetDownOnIt.cho
4x4xU,Lainey Wilson,G,,,,,,,,,,,,./cho/JKL/L/LaineyWilson/4x4xU.cho
You Say,Lauren Daigle,F,4:00,148,,,M25,,,,,,,./cho/JKL/L/LaurenDaigle/YouSay.cho
Falling,Leblanc & Carr,Am,,,,,,,,,,,,./cho/JKL/L/LeblancCarr/Falling.cho
Beyond,Leon Bridges ( feat Luke Combs ),G,,,,,,,,,,,,./cho/JKL/L/LeonBridges/Beyond.cho
Back In The USA,Linda Ronstadt,G,3:00,165,4,61,P55,,,,,,,./cho/JKL/L/LindaRonstadt/BackInTheUSA.cho
Heat Wave,Linda Ronstadt,Eb,2:45,165,8,60,P55,,,,,,,./cho/JKL/L/LindaRonstadt/HeatWave.cho
Long Long Time,Linda Ronstadt,Am,,,,,,,,,,,,./cho/JKL/L/LindaRonstadt/LongLongTime-am.cho
Long Long Time,Linda Ronstadt,Em,,,,,,,,,,,,./cho/JKL/L/LindaRonstadt/LongLongTime.cho
Deep River Woman,Lionel Richie,G,,135,,,,,,,,,,./cho/JKL/L/LionelRichie/DeepRiverWoman.cho
I'd Love You To Want Me,Lobo,G,,,,,,,,,,,,./cho/JKL/L/Lobo/IdLoveYouToWantMe.cho
Brandy (You're A Fine Girl),Looking Glass,E,3:00,126,8,40,N51,,,E,,,,./cho/JKL/L/LookingGlass/Brandy.cho
Te Ni Nee Ni,Lou Ann Barton,E,,,,,,,,,,,,./cho/JKL/L/LouAnnBarton/TeNiNeeNi.cho
Dream A Little Dream Of Me,Louis Armstrong,C,1:10,133,,,,,,,,,,./cho/JKL/L/LouisArmstrong/DreamALittleDream-c.cho
Dream A Little Dream Of Me,Louis Armstrong,G,,133,,,,,,,,,,./cho/JKL/L/LouisArmstrong/DreamALittleDream.cho
What A Wonderful World,Louis Armstrong,Bb,,108,,,,,,,,,,./cho/JKL/L/LouisArmstrong/WhatAWonderfulWorld-bb.cho
What A Wonderful World,Louis Armstrong,F,,108,,,,,,,,,,./cho/JKL/L/LouisArmstrong/WhatAWonderfulWorld.cho
Play It Again,Luke Bryan,C,,,,,,,,,,,,./cho/JKL/L/LukeBryan/PlayItAgain.cho
Just Like Heaven,The Cure / Lumineers,A,,,,,,,,,,,,./cho/JKL/L/Lumineers/JustLikeHeaven.cho
Sweet Home Alabama,Lynard Skynard,D,,,,,,,,,,,,./cho/JKL/L/LynyrdSkynyrd/SweetHomeAlabama.cho
What's Your Name,Lynyrd Skynyrd,G,3:10,135,8 ; start with pickup,25,,,,,,,,./cho/JKL/L/LynyrdSkynyrd/WhatsYourName.cho
I Wish You Would,Mackenzie Carpenter & Midland,D,3:10,,,,,,,,,,,./cho/MNO/M/MackenzieCarpenter/IWishYouWould.cho
La Isla Bonita,Madonna,C#m,4:00,100,8,59,P54,,,C#m,,,,./cho/MNO/M/Madonna/LaIslaBonita.cho
Dream A Little Dream Of Me,Mama Cass,C,,133,,,,,,,,,,./cho/MNO/M/MamaCass/DreamALittleDream-c.cho
Dream A Little Dream Of Me - NYE,Mama Cass,C,,133,,,,,,,,,,./cho/MNO/M/MamaCass/DreamALittleDream-nye-c.cho
Dream A Little Dream Of Me,Mama Cass,C,,133,,,,,,,,,,./cho/MNO/M/MamaCass/DreamALittleDreamOfMe-c.cho
One Day She’s Here,Marcus King Band,Bm,,,,,,,,,,,,./cho/MNO/M/MarcusKing/OneDayShesHere.cho
Can't You See,Marshall Tucker Band,A,5:00,164,4,,N34,,,A,,,,./cho/MNO/M/MarshallTuckerBand/CantYouSee-a.cho
Can't You See,Marshall Tucker Band,D,5:00,164,4,,N34,,,A,,,1.0,./cho/MNO/M/MarshallTuckerBand/CantYouSee.cho
I Feel Lucky,Mary Chapin Carpenter,B,3:20,120,8,56,A01,,,,,,,./cho/MNO/M/MaryChapinCarpenter/IFeelLucky.cho
The Walk,Mayer Hawthorne,A,,,,,,,,,,,,./cho/MNO/M/MayerHawthorne/TheWalk.cho
Are You Hungry Tonight?,Michael Sadri,C,2:50,66,,,,,,,3/4,,,./cho/MNO/M/MichaelSadri/AreYouHungryTonight.cho
Going To Montana - Original,Michael Sadri,C,,,,,,,,,,,,./cho/MNO/M/MichaelSadri/GoingToMontana-orig.cho
Going To Montana,"Michael Sadri, Scott Davidson",Am,3:30,136,,,,,,,,,,./cho/MNO/M/MichaelSadri/GoingToMontana.cho
Cheatin' Songs,Midland,D,3:10,110,,,,,,,,,,./cho/MNO/M/Midland/CheatinSong.cho
Drinkin' Problem,Midland,A,3:00,102,4,24,P25,,,,,,,./cho/MNO/M/Midland/DrinkingProblem.cho
Fourteen Gears,Midland,D,,,,,,,,,,,,./cho/MNO/M/Midland/FourteenGears.cho
Old Fashioned Feeling,Midland,G,,,,,,,,,,,,./cho/MNO/M/Midland/OldFashionedFeeling.cho
Roll Away,Midland,C,,,,,,,,,,,,./cho/MNO/M/Midland/RollAway.cho
Take Her Off Your Hands,Midland,D,,,,,,,,,,,,./cho/MNO/M/Midland/TakeHerOffYourHands.cho
Vegas,Midland,D,3:28,133,,,,,,,,,,./cho/MNO/M/Midland/Vegas.cho
All I Need Is A Miracle,Mike and the Mechanics,F,,120,,,,,,,,,,./cho/MNO/M/Mike+TheMechanics/AllINeedIsAMiracle.cho
Your Love Stays With Me,Mike Reid,E,,,,,,,,,,,,./cho/MNO/M/MikeReid/YourLoveStaysWithMe.cho
Butterfly Fly Away,Miley Cyrus / Billy Ray Cyrus,Eb,2:35,136,,,P23,,,,,,,./cho/MNO/M/MileyCyrus/ButterflyFlyAway.cho
Flowers,Miley Cyrus,Am,3:00,122,8,,N21,,,,,,,./cho/MNO/M/MileyCyrus/Flowers.cho
Devil With The Blue Dress,Mitch Ryder and The Detroit Wheels,C,,,,,,,,,,,,./cho/MNO/M/MitchRyder/DevilWithTheBlueDress.cho
I Melt With You,Modern English,C,3:55,156,8,71,,,,,,,,./cho/MNO/M/ModernEnglish/IMeltWithYou.cho
Love Somebody,Morgan Wallen,Em,3:00,120,8,51,P52,,,,,,,./cho/MNO/M/MorganWallen/LoveSomebody.cho
Man Made A Bar,Morgan Wallen (Eric Church),E,,105,,,,,,,,,,./cho/MNO/M/MorganWallen/ManMadeABar-e.cho
Man Made A Bar,Morgan Wallen (Eric Church),C,,105,,,,,,,,,,./cho/MNO/M/MorganWallen/ManMadeABar.cho
More Than My Hometown,Morgan Wallen,G,3:10,126,,,,,,,4/4,,,./cho/MNO/M/MorganWallen/MoreThanMyHometown.cho
Sand In My Boots,Morgan Wallen,C,3:05,70,,,N52,,,,,,,./cho/MNO/M/MorganWallen/SandInMyBoots.cho
7 Summers,Morgan Wallen,C,3:10,102,,,,,,,4/4,,,./cho/MNO/M/MorganWallen/SevenSummers.cho
Somebody's Problem,Morgan Wallen,F,2:10,97,,,,,,,,,,./cho/MNO/M/MorganWallen/SomebodysProblem.cho
These Boots Are Made For Walkin',Nancy Sinatra,E,2:20,84,4,,,,,E,,,,./cho/MNO/N/NancySinatra/TheseBootsWereMadeForWalkin.cho
L-O-V-E,Nat King Cole,C,,78,,,,,,,,,,./cho/MNO/N/NatKingCole/L_O_V_E-C.cho
L-O-V-E,Nat King Cole,G,,78,,,,,,,,,,./cho/MNO/N/NatKingCole/L_O_V_E.cho
Torn,Natalie Imbruglia,F,3:35,96,4,52,P51,,,,,,,./cho/MNO/N/NatalieImbruglia/Torn.cho
Sweet Caroline,Neil Diamond,B,3:24,63,,,,,,,,,,./cho/MNO/N/NeilDiamond/SweetCaroline.cho
Put A Little Love On Me,Niall Horan,G,,,,,,,,,,,,./cho/MNO/N/NiallHoran/PutALittleLoveOnMe.cho
This Town,Niall Horan,G,,,,,,,,,,,,./cho/MNO/N/NiallHoran/ThisTown.cho
Cruel To Be Kind,Nick Lowe,C,3:10,125,8,68,,,,,,,,./cho/MNO/N/NickLowe/CruelToBeKind.cho
Dancin' Shoes,Nigel Olsson,Bm,,101,,,,,,,,,,./cho/MNO/N/NigelOlsson/DancinShoes.cho
Don't Speak,No Doubt(Gwen Stephani),Cm,3:45,76,4,,N45,,,,,,,./cho/MNO/N/NoDoubt/DontSpeak.cho
Don't Know Why,Norah Jones,Bb,3:06,88,4,28,??,,,,,,,./cho/MNO/N/NorahJones/DontKnowWhy.cho
Use Ta Be My Girl,O'Jays,F,,,,,,,,,,,,./cho/MNO/O/O_Jays/UseTaBeMyGirl.cho
Firewater,Old Crow Medicine Show,G],3:00,,,,,,,,,,,./cho/MNO/O/OldCrowMedicineShow/Firewater.cho
All I Want,Olivia Rodrigo,G,,,,,,,,,,,,./cho/MNO/O/OliviaRodrigo/AllIWant.cho
Carry On,Pat Green,D,,,,,,,,,,,,./cho/PQR/P/PatGreen/CarryOn.cho
Crazy,Pat Green,G,,,,,,,,,,,,./cho/PQR/P/PatGreen/Crazy.cho
Whiskey,Pat Green,D,4:00,167,8,,N35,,,,,,,./cho/PQR/P/PatGreen/Whiskey.cho
Silly Love Songs,Paul McCartney,C,,,,,,,,,,,,./cho/PQR/P/PaulMcCartney/SillyLoveSongs.cho
Kodachrome,Paul Simon,D,,136,,,,,,,,,,./cho/PQR/P/PaulSimon/Kodachrome.cho
You Have The Right To Remain Silent,Perfect Stranger,G,,,,,,,,,,,,./cho/PQR/P/PerfectStranger/YouHaveTheRightToRemainSilent.cho
Let My Love Open The Door,Pete Townsend,A,2:30,165,8,22,M51,,U35,A,,,,./cho/PQR/P/PeteTownsend/LetMyLoveOpenTheDoor.cho
Baby I Love Your Way,Peter Frampton,G,3:40,78,,,,,,,,,,./cho/PQR/P/PeterFrampton/BabyILoveYourWay.cho
I'm In You,Peter Frampton,C,4:00,99,,,,,,C,,,,./cho/PQR/P/PeterFrampton/ImInYou.cho
Show Me The Way,Peter Frampton,D,3:45,137,,,,,,,,,,./cho/PQR/P/PeterFrampton/ShowMeTheWay.cho
Do You Remember ?,Phil Collins,F,,,,,,,,,,,,./cho/PQR/P/PhilCollins/DoYouRemember.cho
I Had Some Help,Post Malone ( w/ Morgan Wallen),C,,,,,,,,,,,,./cho/PQR/P/PostMalone/IHadSomeHelp.cho
Ghost In You,Psychelic Furs,Bb,,123,,,,,,,,,,./cho/PQR/P/PsychedelicFurs/GhostInYou.cho
Love My Way,Psychelic Furs,C,,129,,,,,,,,,,./cho/PQR/P/PsychedelicFurs/LoveMyWay.cho
Let Me Love You Tonight,Pure Prairie League,Bb,,,,,,,,,,,,./cho/PQR/P/PurePrairieLeague/LetMeLoveYouTonight.cho
Creep,Radiohead,G,,,,,,,,,,,,./cho/PQR/R/Radiohead/Creep.cho
Forever's As Far As I'll Go,Mike Reid/Alabama,Eb,,,,,,,,,,,,./cho/PQR/R/RandyTravis/ForeversAsFarAsIllGo.cho
Look Heart No Hands,Randy Travis,C,,,,,,,,,,,,./cho/PQR/R/RandyTravis/LookHeartsNoHands.cho
This Is Me,Randy Travis,Eb,,,,,,,,,,,,./cho/PQR/R/RandyTravis/ThisIsMe.cho
Where That Came From,Randy Travis,C,3:11,,,,,,,,,,,./cho/PQR/R/RandyTravis/WhereThatCameFrom.cho
Go All The Way,Raspberries,A,2:50,120,8,69,,,,,,,,./cho/PQR/R/Raspberries/GoAllTheWay.cho
Come And Get Your Love,Redbone,Bm,,,,,,,,,,,,./cho/PQR/R/Redbone/ComeAndGetYourLove.cho
Roll With The Changes,REO Speedwagon,C,,,,,,,,,,,,./cho/PQR/R/ReoSpeedwagon/RollWithTheChanges.cho
Take It On The Run,REO Speedwagon,G,,,,,,,,,,,,./cho/PQR/R/ReoSpeedwagon/TakeItOnTheRun.cho
Time For Me To Fly,REO Speedwagon,C,,84,,,,,,,,,,./cho/PQR/R/ReoSpeedwagon/TimeforMeToFly-c.cho
Time For Me To Fly,REO Speedwagon,D,,84,,,,,,,,,,./cho/PQR/R/ReoSpeedwagon/TimeforMeToFly.cho
When She Cries,Restless Heart,A,,113,,,,,,,,,,./cho/PQR/R/RestlessHeart/WhenSheCries.cho
You Take My Breath Away,Rex Smith,Bb,,96,,,,,,,,,,./cho/PQR/R/RexSmith/YouTakeMyBreathAway.cho
Steal Away,Robbie Dupree,F,,,,,,,,,,,,./cho/PQR/R/RobbieDupree/StealAway.cho
Steal Away,Robbie Dupree,A,,,,,,,,,,,,./cho/PQR/R/RobbieDupree/StealAway_inA.cho
Bad Case Of Lovin' You,Robert Palmer,E,2:50,146,8,34,,,,,,,,./cho/PQR/R/RobertPalmer/BadCaseOfLovinYou.cho
Every Kinda People,Robert Palmer,F,,,,,,,,,,,,./cho/PQR/R/RobertPalmer/EveryKindaPeople.cho
Can't Let Go,Robert Plant & Alison Krauss,E,2:50,176,,,,,,,,,,./cho/PQR/R/RobertPlant/CantLetGo.cho
Killing Me Softly With His Song,Roberta Flack,A,,122,,,,,,,,,,./cho/PQR/R/RobertaFlack/KillingMeSoftly-a.cho
Tired Of Toein' The Line,Rocky Burnette,E,3:30,120,8,17,,,,,,,,./cho/PQR/R/RockyBurnette/TiredOfToeinTheLine-e.cho
Tired Of Toein' The Line,Rocky Burnette,G,3:30,120,8,17,O14,,,,,,,./cho/PQR/R/RockyBurnette/TiredOfToeinTheLine.cho
Miss You,Rolling Stones,Am,,,,,,,,,,,,./cho/PQR/R/RollingStones/MissYou.cho
Under My Thumb,Rolling Stones,A,3:40,127,8 (with pickup)),43,,,,,,,,./cho/PQR/R/RollingStones/UnderMyThumb.cho
What I Like About You,Romantics,A,2:20,166,8,19,P44,,,,,,,./cho/PQR/R/Romantics/WhatILikeAboutYou.cho
There's No Getting Over Me,Ronnie Milsap,C,4:00,100,4,,??,,,,,,,./cho/PQR/R/RonnieMilsap/TheresNoGettingOverMe-c.cho
There's No Getting Over Me,Ronnie Milsap,E,4:00,100,4,,??,,,,,,,./cho/PQR/R/RonnieMilsap/TheresNoGettingOverMe.cho
Smooth Operator,Sade,Am,3:30,120,0,,53,,,,,,,./cho/ST/S/Sade/SmoothOperator.cho
Chevy Van,Sammy Johns,A,,,,,,,,,,,,./cho/ST/S/SammyJohns/ChevyVan.cho
Black Magic Woman,Santana,Dm,,,,,,,,,,,,./cho/ST/S/Santana/BlackMagicWoman.cho
Corazon Espinado,Santana,Bm,3:30,120,0,,P00,,,,4/4,,,./cho/ST/S/Santana/CorazonEspinado.cho
Evil Ways,Santana,Gm,3:30,78,,,P25,,,,,,,./cho/ST/S/Santana/EvilWays.cho
Smooth,Santana,Am,4:00,116,0,,P25,,,,,,,./cho/ST/S/Santana/Smooth.cho
Sleep Walk,Santo and Johnny,C,,,,,,,,,,,,./cho/ST/S/SantoAndJohnny/SleepWalk.cho
Diminished Idea,Scott Davidson,Bb,3:00,86,,,,,,,,,,./cho/ST/S/ScottDavidson/DiminishedIdea.cho
Dream Drift,Scott Davidson,F,3:00,86,,,,,,,,,,./cho/ST/S/ScottDavidson/DreamDrift.cho
Going To Montana,"Michael Sadri, Scott Davidson",Am,3:30,136,8,,P14,,,,,,,./cho/ST/S/ScottDavidson/GoingToMontana.cho
Hesitate (partial),Scott Davidson,Bb,3:00,86,,,,,,,,,,./cho/ST/S/ScottDavidson/Hesitate.cho
Progress (for now),Scott Davidson,D,2:00,,,,,,,,,,,./cho/ST/S/ScottDavidson/Progress.cho
Sunrise in Cork,Scott Davidson,G,2:00,,,,,,,,,,,./cho/ST/S/ScottDavidson/SunriseInCork.cho
When Will We Sing Together Again,Scott Davidson,F,2:30,102,,,,,,,,,,./cho/ST/S/ScottDavidson/WhenWillWeSingTogetherAgain.cho
Diamond Girl,Seals and Crofts,Am,3:45,127,8,23,O42,,,,,,,./cho/ST/S/SealsCrofts/DiamondGirl.cho
Summer Breeze,Seals and Crofts,E,3:25,76,4,,041,,,,,,,./cho/ST/S/SealsCrofts/SummerBreeze.cho
We May Never Pass This Way Again,Seals & Crofts,E,3:50,88,,,,,,,,,,./cho/ST/S/SealsCrofts/WeMayNeverPassThisWayAgain.cho
She's Not There / Venus,Zombies / Shocking Blue,A,4:00,,,,O21,,,,,,,./cho/ST/S/ShockingBlue/ShesNotThere-Venus.cho
Venus,Shocking Blue,A,,,,,,,,,,,,./cho/ST/S/ShockingBlue/Venus.cho
Leave the Door Open,Silk Sonic,F,,,,,,,,,,,,./cho/ST/S/SilkSonic/LeaveTheDoorOpen.cho
Kiss Me,Sixpence None The Richer,C,2:50,100,4,30,O12,,,Eb,,,,./cho/ST/S/SixpenceNoneTheRicher/KissMe.cho
There She Goes,Sixpence None The Richer,G,2:42,123,4,31,P24,,,Bb,,,,./cho/ST/S/SixpenceNoneTheRicher/ThereSheGoes.cho
Sweet City Woman,Stampeders,G,,,,,,,,,,,,./cho/ST/S/Stampeders/SweetCityWoman.cho
Moonlight Feels Right,Starbuck,C,,,,,,,,,,,,./cho/ST/S/Starbuck/MoonlightFeelsRight.cho
Good Corn Liquor,Steeldrivers,E,,,,,,,,,,,,./cho/ST/S/Steeldrivers/GoodCornLiquor.cho
Born To Be Wild,"Steppenwolf, Adam Lambert",E,,,,,,,,,,,,./cho/ST/S/Steppenwolf/BornToBeWild.cho
Take The Money And Run (BASS),Steve Miller Band,G,2:52,,,,,,,,,,,./cho/ST/S/SteveMillerBand/TakeTheMoneyAndRun-Bass.cho
Take The Money And Run,Steve Miller Band,G,2:52,,,,,,,,,,,./cho/ST/S/SteveMillerBand/TakeTheMoneyAndRun.cho
House is a Rockin',Stevie Ray Vaughan,C,2:05,172,8,38,,,,,,,,./cho/ST/S/StevieRayVaughan/HouseIsARockin-c.cho
House is a Rockin',Stevie Ray Vaughan,B,2:05,172,8,38,,,,,,,,./cho/ST/S/StevieRayVaughan/HouseIsARockin.cho
Don't You Worry 'Bout A Thing,Stevie Wonder,Ebm,,,,,,,,,,,,./cho/ST/S/StevieWonder/DontYouWorryBoutAThing.cho
Lately,Stevie Wonder,C,3:30,,,,,,,,,,,./cho/ST/S/StevieWonder/Lately.cho
White Sands,Still Corners,Dm,,,,,,,,,,,,./cho/ST/S/StillCorners/WhiteSands.cho
Stray Cat Strut,Stray Cats,Cm,,,,,,,,,,,,./cho/ST/S/StrayCats/StrayCatStrut.cho
Is This Love,Survivor,F,,,,,,,,,,,,./cho/ST/S/Survivor/IsThisLove.cho
Little by Little,Susan Tedeschi,E,,,,,,,,,,,,./cho/ST/S/SusanTedeschi/LittleByLittle.cho
Stumblin' In,Suzy Quatro,G,,,,,,,,,,,,./cho/ST/S/SuziQuatro/StumblinIn.cho
Nobody,Sylvia,C,3:10,,8,63,P00,,,,,,,./cho/ST/S/Sylvia/Nobody.cho
Get It On,T.Rex,E,4:00,125,,,,,,,,,,./cho/ST/T/T.Rex/GetItOn.cho
Our Song,Taylor Swift,D,2:40,89,4,41,,,,,,,,./cho/ST/T/TaylorSwift/OurSong.cho
Style,Taylor Swift,G,,,,,,,,,,,,./cho/ST/T/TaylorSwift/Style.cho
You Belong With Me,Taylor Swift,G,,,,,,,,,,,,./cho/ST/T/TaylorSwift/YouBelongWithMe.cho
Under The Milky Way,The Church,Am,5:00,66,8,32,P45,C012,,,,,0.0,./cho/ST/T/TheChurch/UnderTheMilkyWay.cho
Should I Stay (Or Should I Go) (BASS),The Clash,D,,,,,,,,,,,,./cho/ST/T/TheClash/ShouldIStay-bass.cho
Half Of Me (updated),Thomas Rhett,G,3:15,112,,,N35,,,,4/4,,,./cho/ST/T/ThomasRhett/HalfOfMe-2.cho
Half Of Me,Thomas Rhett,G,2:45,112,4,11,N35,,,,4/4,,1.0,./cho/ST/T/ThomasRhett/HalfOfMe.cho
Shambala,Three Dog Night,E,3:00,128,4,,O55,,,,,,,./cho/ST/T/ThreeDogNight/Shambala.cho
My Angel Baby,Toby Beau,G,3:00,,,,,,,,,,,./cho/ST/T/TobyBeau/MyAngelBaby.cho
Where You Gonna Go,Toby Keith,Bm,,129,,,,,,,4/4,,,./cho/ST/T/TobyKeith/WhereYouGonnaGo.cho
Your Smile,Toby Keith,A,,77,,,,,,,4/4,,,./cho/ST/T/TobyKeith/YourSmile-a.cho
Your Smile,Toby Keith,G,,77,,,,,,,4/4,,,./cho/ST/T/TobyKeith/YourSmile.cho
I Saw The Light,Todd Rundgren,C,3:00,120,4,75,M14(A3),,,,,,,./cho/ST/T/ToddRundgren/ISawTheLight.cho
Breakdown,Tom Petty,Am,3:00,114,4,,P11,,,Am,,,,./cho/ST/T/TomPetty/Breakdown.cho
Don't Do Me Like That,Tom Petty,G,2:20,116,,,,,,,,,,./cho/ST/T/TomPetty/DontDoMeLikeThat.cho
Free Fallin' (BASS),Tom Petty,E,3:30,85,4,,,,,E,,,,./cho/ST/T/TomPetty/FreeFallin-BASS.cho
Free Fallin',Tom Petty,D,3:30,85,4,,,,,E,,2,,./cho/ST/T/TomPetty/FreeFallin-guitar-d.cho
Into The Great Wide Open,Tom Petty,Em,3:20,82,,,,,,,,,,./cho/ST/T/TomPetty/IntoTheGreatWideOpen.cho
Learning to Fly,Tom Petty,C,3:40,116,8,,???,,,C,,,,./cho/ST/T/TomPetty/LearningToFly.cho
Mary Jane's Last Dance,Tom Petty & The Heartbreakers,Am,3:20,85,,,,,,,,,,./cho/ST/T/TomPetty/MaryJanesLastDance.cho
Runnin' Down A Dream,Tom Petty,E,3:45,170,8,16,N51,,,E,,,,./cho/ST/T/TomPetty/RunningDownADream.cho
Calling San Francisco,Tommy Castro and the Painkillers,C,,,,,,,,,,,,./cho/ST/T/TommyCastroNPainkillers/CallingSanFrac.cho
Calling San Francisco,Tommy Castro and the Painkillers,G,,,,,,,,,,,,./cho/ST/T/TommyCastroNPainkillers/CallingSanFran-g.cho
Nasty Habits,Tommy Castro and the Painkillers,C,,,,,,,,,,,,./cho/ST/T/TommyCastroNPainkillers/NastyHabits.cho
Jenny 867-5309,Tommie Tutone,F#m,3:12,138,,,,,,,,,,./cho/ST/T/TommyTutone/Jenny-867-5309.cho
Hey Soul Sister,Train,B,,,,,,,,,,,,./cho/ST/T/Train/HeySoulSister.cho
Handle With Care,Traveling Wilburys,G,3:18,122,4,,M22,,P12,,,,,./cho/ST/T/TravelingWilburys/HandleWithCare.cho
Stuck In A Moment / I Still Haven't Found,U2,E / C,,TBD,,,N51,,,,,,,./cho/UV-Z/U2/StuckInAMoment-IStillHaventFound.cho
Brown Eyed Girl,Van Morrison,G,3:00,149,8,,,,,,,,,./cho/UV-Z/V/VanMorrison/BrownEyedGirl.cho
Blinding Lights,The Weeknd,Fm,3:20,171,,,,,,,,,,./cho/UV-Z/W/Weeknd/BlindingLights.cho
Save Your Tears,The Weeknd,C,,,,,,,,,,,,./cho/UV-Z/W/Weeknd/SaveYourTears.cho
Island In The Sun,Weezer,Em,3:00,115,4,58,P54,,,,,,,./cho/UV-Z/W/Weezer/IslandInTheSun.cho
Blue Christmas,Elvis Presley,E,1:50,95,,,,,,,,,,./cho/UV-Z/Xmas/BlueChristmas.cho
Have Yourself A Merry Little Christmas,Bing Crosby,C,2:50,80,,,,,,,,,,./cho/UV-Z/Xmas/HaveYourselfAMerryLittleChristmas.cho
It's Beginning To Look A Lot Like Christmas,Bing Crosby,G,2:00,96,4,,,,,,,,,./cho/UV-Z/Xmas/ItsBeginningToLookALotLikeChristmas.cho
Jingle Bell Rock,Bobby Helms,C,1:45,118,4,,,,,,,,,./cho/UV-Z/Xmas/JingleBellRock.cho
Last Christmas,Wham!,C,4:00,151,4,,,,,,,,,./cho/UV-Z/Xmas/LastChristmas.cho
Let It Snow,Dean Martin,A,1:50,95,,,,,,,,,,./cho/UV-Z/Xmas/LetItSnow.cho
Little Saint Nick,The Beach Boys,G,1:45,131,,,,,,,,,,./cho/UV-Z/Xmas/LittleSaintNick.cho
Rockin' Around The Christmas Tree,Brenda Lee,G,2:20,138,,,,,,,,,,./cho/UV-Z/Xmas/RockinAroundTheChristmasTree.cho
Rudolph The Red-Nosed Reindeer,Traditional,C,2:10,94,,,,,,,,,,./cho/UV-Z/Xmas/RudolphTheRedNosedReindeer.cho
Run Run Rudolph,Luke Bryan,A,2:30,151,4,,,,,,,,,./cho/UV-Z/Xmas/RunRunRudolph.cho
Santa Baby,Eartha Kitt,G,2:30,151,,,,,,,,,,./cho/UV-Z/Xmas/SantaBaby.cho
Santa Claus Is Coming To Town,Bruce Springsteen,C,3:30,118,,,,,,,,,,./cho/UV-Z/Xmas/SantaClausIsComingToTown.cho
Winter Wonderland,Traditional,Eb,2:10,94,,,,,,,,,,./cho/UV-Z/Xmas/WinterWonderland.cho
Wonderful Christmastime,Paul McCartney,G,,,,,,,,,,,,./cho/UV-Z/Xmas/WonderfulChristmastime.cho
Time of the Season,Zombies,Em,,117,,,,,,,,,,./cho/UV-Z/Zombies/TimeOfTheSeason.cho
